campaign_name,search_theme,status,source
BrainBasedEMDR National Trauma Therapy,EMDR therapy,Enabled,keyword_research
BrainBasedEMDR National Trauma Therapy,trauma therapy EMDR,Enabled,keyword_research
BrainBasedEMDR National Trauma Therapy,EMDR for PTSD,Enabled,keyword_research
BrainBasedEMDR National Trauma Therapy,PTSD treatment,Enabled,keyword_research
BrainBasedEMDR National Trauma Therapy,trauma recovery therapy,Enabled,keyword_research
BrainBasedEMDR National Trauma Therapy,EMDR childhood trauma,Enabled,keyword_research
BrainBasedEMDR National Trauma Therapy,military trauma treatment,Enabled,keyword_research
BrainBasedEMDR National Trauma Therapy,sexual trauma therapy,Enabled,keyword_research
BrainBasedEMDR National Trauma Therapy,anxiety EMDR therapy,Enabled,keyword_research
BrainBasedEMDR National Trauma Therapy,complex PTSD EMDR,Enabled,keyword_research
BrainBasedEMDR National Trauma Therapy,grief trauma counseling,Enabled,keyword_research
BrainBasedEMDR National Trauma Therapy,dissociation treatment,Enabled,keyword_research
BrainBasedEMDR National Trauma Therapy,flashbacks EMDR therapy,Enabled,keyword_research
BrainBasedEMDR National Trauma Therapy,nightmares trauma treatment,Enabled,keyword_research
BrainBasedEMDR National Trauma Therapy,EMDR therapist near me,Enabled,keyword_research
BrainBasedEMDR National Trauma Therapy,evidence based trauma treatment,Enabled,keyword_research
BrainBasedEMDR National Trauma Therapy,EMDR bilateral stimulation,Enabled,keyword_research